<?xml version="1.0" encoding="UTF-8"?>
<project-private xmlns="http://www.netbeans.org/ns/project-private/1">
    <editor-bookmarks xmlns="http://www.netbeans.org/ns/editor-bookmarks/2" lastBookmarkId="0"/>
    <open-files xmlns="http://www.netbeans.org/ns/projectui-open-files/2">
        <group>
            <file>file:/C:/wamp/www/clinica/paginas/imprimir_certificado.php</file>
            <file>file:/C:/wamp/www/clinica/paginas/ver_historia_clinica.php</file>
            <file>file:/C:/wamp/www/clinica/paginas/footer.php</file>
            <file>file:/C:/wamp/www/clinica/paginas/imprimir_consulta.php</file>
            <file>file:/C:/wamp/www/clinica/paginas/lista_pacientes.php</file>
            <file>file:/C:/wamp/www/clinica/css/estilos.css</file>
        </group>
    </open-files>
</project-private>
